"region_id","appetitive","aversive","preference_index"
1,1,0,NA
2,1,0,NA
4,2,3,-0.2
5,1,4,-0.6
6,1,0,NA
9,0,1,NA
10,0,1,NA
11,2,1,0.333333333333333
12,2,2,0
13,1,1,NA
15,2,2,0
16,1,2,-0.333333333333333
17,1,0,NA
18,1,1,NA
19,1,0,NA
