"region_id","appetitive","aversive","preference_index"
2,3,2,0.2
3,4,0,NA
4,2,2,NA
5,3,1,NA
7,3,4,-0.142857142857143
8,6,1,0.714285714285714
9,3,2,0.2
11,2,1,NA
12,3,1,NA
13,2,0,NA
16,3,1,NA
17,1,0,NA
20,2,3,-0.2
