"region_id","appetitive","aversive","preference_index"
1,5,0,1
2,7,0,1
4,0,4,NA
5,5,0,1
6,5,5,0
7,9,5,0.285714285714286
9,1,2,NA
10,3,1,NA
11,9,3,0.5
13,6,4,0.2
14,7,0,1
15,9,3,0.5
16,5,3,0.25
17,6,0,1
18,8,2,0.6
19,13,2,0.733333333333333
