"region_id","appetitive","aversive","preference_index"
1,7,0,1
2,4,1,0.6
4,2,11,-0.692307692307692
5,4,0,NA
6,5,8,-0.230769230769231
7,3,8,-0.454545454545455
9,3,2,0.2
10,4,3,0.142857142857143
11,4,2,0.333333333333333
13,2,6,-0.5
14,3,0,NA
15,6,1,0.714285714285714
16,8,8,0
17,3,11,-0.571428571428571
18,11,1,0.833333333333333
19,8,0,1
