region_id,appetitive,aversive,preference_index
1,2,5,-0.428571428571429
2,4,7,-0.272727272727273
4,7,1,0.75
5,3,11,-0.571428571428571
6,9,8,0.0588235294117647
7,12,7,0.263157894736842
9,5,8,-0.230769230769231
10,0,3,0
11,8,10,-0.111111111111111
13,2,10,-0.666666666666667
14,12,8,0.2
15,6,12,-0.333333333333333
16,6,1,0.714285714285714
17,6,7,-0.0769230769230769
18,7,17,-0.416666666666667
19,6,14,-0.4
