"region_id","appetitive","aversive","preference_index"
1,5,3,0.25
2,7,5,0.166666666666667
3,5,4,0.111111111111111
4,5,5,0
5,5,5,0
6,5,3,0.25
7,4,4,0
8,4,4,0
9,5,4,0.111111111111111
10,6,5,0.0909090909090909
11,6,4,0.2
12,8,5,0.230769230769231
13,4,4,0
14,7,4,0.272727272727273
15,9,6,0.2
16,6,4,0.2
17,7,5,0.166666666666667
18,5,3,0.25
19,7,5,0.166666666666667
20,7,5,0.166666666666667
